{"cameraMode":{"drawMode":0,"name":"Shaded","section":"Shading Mode"},"sceneLighting":false,"audioPlay":false,"sceneViewState":{"m_AlwaysRefresh":false,"showFog":true,"showSkybox":false,"showFlares":true,"showImageEffects":true,"showParticleSystems":true,"showVisualEffectGraphs":true,"m_FxEnabled":true},"in2DMode":false,"pivot":{"x":62.12167739868164,"y":9.652265548706055,"z":2.8906869888305666},"rotation":{"x":-0.0694735050201416,"y":-0.04337640851736069,"z":0.0030817086808383466,"w":-0.9967049360275269},"size":2.420534133911133,"orthographic":true}