{"cameraMode":{"drawMode":0,"name":"Shaded","section":"Shading Mode"},"sceneLighting":true,"audioPlay":false,"sceneViewState":{"m_AlwaysRefresh":false,"showFog":true,"showSkybox":true,"showFlares":true,"showImageEffects":true,"showParticleSystems":true,"showVisualEffectGraphs":true,"m_FxEnabled":true},"in2DMode":false,"pivot":{"x":3.6973512172698976,"y":7.485262870788574,"z":-7.794243812561035},"rotation":{"x":-0.10093289613723755,"y":0.010480065830051899,"z":-0.0006213654414750636,"w":-0.9949632287025452},"size":6.663801193237305,"orthographic":true}