{"cameraMode":{"drawMode":0,"name":"Shaded","section":"Shading Mode"},"sceneLighting":true,"audioPlay":false,"sceneViewState":{"m_AlwaysRefresh":false,"showFog":true,"showSkybox":true,"showFlares":true,"showImageEffects":true,"showParticleSystems":true,"showVisualEffectGraphs":true,"m_FxEnabled":true},"in2DMode":false,"pivot":{"x":13.281926155090332,"y":14.76597785949707,"z":-12.571752548217774},"rotation":{"x":-0.2687595784664154,"y":-0.0028747455216944219,"z":0.0008257662993855774,"w":-0.9632512331008911},"size":14.92093563079834,"orthographic":true}